<?xml version="1.0" encoding="UTF-8"?>
<jcr:root xmlns:sling="http://sling.apache.org/jcr/sling/1.0" xmlns:cq="http://www.day.com/jcr/cq/1.0" xmlns:jcr="http://www.jcp.org/jcr/1.0" xmlns:nt="http://www.jcp.org/jcr/nt/1.0"
    jcr:primaryType="cq:Page">
    <jcr:content
        cq:lastModified="{Date}2018-08-11T16:36:41.884-06:00"
        cq:lastModifiedBy="admin"
        cq:template="/conf/full-stack-training/settings/wcm/templates/content-page"
        jcr:primaryType="cq:PageContent"
        jcr:title="Analytics"
        sling:resourceType="full-stack-training/components/structure/page">
        <root
            jcr:primaryType="nt:unstructured"
            sling:resourceType="wcm/foundation/components/responsivegrid">
            <content_container
                jcr:created="{Date}2018-08-08T22:17:08.035-06:00"
                jcr:createdBy="admin"
                jcr:lastModified="{Date}2018-08-08T22:19:57.972-06:00"
                jcr:lastModifiedBy="admin"
                jcr:primaryType="nt:unstructured"
                sling:resourceType="full-stack-training/components/structure/content-container">
                <content
                    jcr:lastModified="{Date}2018-08-08T22:19:13.542-06:00"
                    jcr:lastModifiedBy="admin"
                    jcr:primaryType="nt:unstructured"
                    sling:resourceType="wcm/foundation/components/responsivegrid"/>
            </content_container>
        </root>
    </jcr:content>
    <unicorns-a-new-type-of-developer/>
    <check-out-my-other-courses/>
    <best-gaming-console/>
    <continuous-integration/>
    <chrome-is-a-good-browser/>
    <soccer-or-futbol/>
    <real-salt-lake/>
    <whats-happening-tonight-/>
    <just-a-few-more-articles/>
    <use-the-remote/>
</jcr:root>
