<?xml version="1.0" encoding="UTF-8"?>
<jcr:root xmlns:sling="http://sling.apache.org/jcr/sling/1.0" xmlns:cq="http://www.day.com/jcr/cq/1.0" xmlns:jcr="http://www.jcp.org/jcr/1.0" xmlns:nt="http://www.jcp.org/jcr/nt/1.0"
    jcr:primaryType="cq:Page">
    <jcr:content
        cq:lastModified="{Date}2018-08-11T16:35:06.480-06:00"
        cq:lastModifiedBy="admin"
        cq:template="/conf/full-stack-training/settings/wcm/templates/content-page"
        jcr:primaryType="cq:PageContent"
        jcr:title="Technology"
        sling:resourceType="full-stack-training/components/structure/page">
        <root
            jcr:primaryType="nt:unstructured"
            sling:resourceType="wcm/foundation/components/responsivegrid">
            <content_container
                jcr:created="{Date}2018-08-08T22:17:08.035-06:00"
                jcr:createdBy="admin"
                jcr:lastModified="{Date}2018-08-08T22:19:57.972-06:00"
                jcr:lastModifiedBy="admin"
                jcr:primaryType="nt:unstructured"
                sling:resourceType="full-stack-training/components/structure/content-container">
                <content
                    jcr:lastModified="{Date}2018-08-08T22:19:13.542-06:00"
                    jcr:lastModifiedBy="admin"
                    jcr:primaryType="nt:unstructured"
                    sling:resourceType="wcm/foundation/components/responsivegrid"/>
            </content_container>
        </root>
    </jcr:content>
    <terminator-2-/>
    <dogs-eat-dogfood/>
    <creating-content-is-easy/>
    <my-dog-is-juno/>
    <cords-are-a-stuggle/>
    <nordstrom-sales-are-hard-on-the-wallet-/>
    <stand-up-desk-sale/>
    <pluralsight-will-smart-you/>
    <shazzaam/>
    <fuzzy-feet-are-cool/>
</jcr:root>
